{
  "hash": "a87274a0",
  "configHash": "bc9dc1ff",
  "lockfileHash": "6d77492d",
  "browserHash": "45b6ece3",
  "optimized": {
    "@angular/common": {
      "src": "../../../../../node_modules/@angular/common/fesm2022/common.mjs",
      "file": "@angular_common.js",
      "fileHash": "365ad1a6",
      "needsInterop": false
    },
    "@angular/common/http": {
      "src": "../../../../../node_modules/@angular/common/fesm2022/http.mjs",
      "file": "@angular_common_http.js",
      "fileHash": "19e0405c",
      "needsInterop": false
    },
    "@angular/core": {
      "src": "../../../../../node_modules/@angular/core/fesm2022/core.mjs",
      "file": "@angular_core.js",
      "fileHash": "5b953769",
      "needsInterop": false
    },
    "@angular/platform-browser": {
      "src": "../../../../../node_modules/@angular/platform-browser/fesm2022/platform-browser.mjs",
      "file": "@angular_platform-browser.js",
      "fileHash": "d8a3f7b8",
      "needsInterop": false
    },
    "@angular/router": {
      "src": "../../../../../node_modules/@angular/router/fesm2022/router.mjs",
      "file": "@angular_router.js",
      "fileHash": "168533f9",
      "needsInterop": false
    }
  },
  "chunks": {
    "chunk-L2PCPPAJ": {
      "file": "chunk-L2PCPPAJ.js"
    },
    "chunk-SIB5LMFI": {
      "file": "chunk-SIB5LMFI.js"
    },
    "chunk-WLYA55RQ": {
      "file": "chunk-WLYA55RQ.js"
    },
    "chunk-TAMJJJNG": {
      "file": "chunk-TAMJJJNG.js"
    }
  }
}